hunk_id,file,classification,candidate_key,candidate_name,summary
"src/GPU/IntegratorPolicy.mk:0-0","src/GPU/IntegratorPolicy.mk","CANDIDATE","gpu_integrator_source_closure","Gpu Integrator Source Closure","Defines supported GPU integrator and explicit nvcc-clean source closure. Evidence: # CUDA builds compile one GPU-clean integrator closure at a time. # # Add a new integrator here only after its entry point and dependency closure are # nvcc-cle"
"src/IO/ParmParse.H:692-698","src/IO/ParmParse.H","CANDIDATE","gpu_device_parse_forwarding","Gpu Device Parse Forwarding","Marshals fixed-size defaults and forwards extra parse arguments through static dispatch. Evidence: add(name.c_str(),Util::String::Join(defaultvalue)); std::vector<Set::Scalar> def_data(AMREX_SPACEDIM); for (unsigned int i = 0; i < def_data.size(); i++) def_da"
"src/IO/ParmParse.H:705-718","src/IO/ParmParse.H","CANDIDATE","gpu_device_parse_forwarding","Gpu Device Parse Forwarding","Marshals fixed-size defaults and forwards extra parse arguments through static dispatch. Evidence: int queryarr_default( std::string name, Set::Matrix & value, Set::Matrix defaultvalue) int queryarr_default( std::string name, Set::Matrix & value, Set::Mat"
"src/IO/ParmParse.H:1219-1229","src/IO/ParmParse.H","CANDIDATE","gpu_device_parse_forwarding","Gpu Device Parse Forwarding","Marshals fixed-size defaults and forwards extra parse arguments through static dispatch. Evidence: template <typename... OBJ, typename CLASS> void select(std::string name, CLASS& value) template <typename... OBJ, typename CLASS, typename... Args> void select("
"src/IO/ParmParse.H:1238-1245","src/IO/ParmParse.H","CANDIDATE","gpu_device_parse_forwarding","Gpu Device Parse Forwarding","Marshals fixed-size defaults and forwards extra parse arguments through static dispatch. Evidence: template <typename CLASS, int N, typename... OBJ> void static_polymorphism_parser(CLASS& value) template <typename CLASS, int N, typename... OBJ, typename... Ar"
"src/IO/ParmParse.H:1263-1274","src/IO/ParmParse.H","CANDIDATE","gpu_device_parse_forwarding","Gpu Device Parse Forwarding","Marshals fixed-size defaults and forwards extra parse arguments through static dispatch. Evidence: std::get<N>(value.obj).Parse(std::get<N>(value.obj), *this); std::get<N>(value.obj).Parse( std::get<N>(value.obj), *this, std::forward<Args>(args)...); return s"
"src/Integrator/AllenCahn.H:37-42","src/Integrator/AllenCahn.H","CANDIDATE","gpu_ic_static_dispatch_extension","GPU IC Static Dispatch Extension","Extends compile-time initial-condition selection with a GPU-safe concrete implementation."
"src/Integrator/AllenCahn.H:106-113","src/Integrator/AllenCahn.H","CANDIDATE","gpu_ic_static_dispatch_extension","GPU IC Static Dispatch Extension","Extends compile-time initial-condition selection with a GPU-safe concrete implementation."
"src/Integrator/Base/Mechanics.H:37-44","src/Integrator/Base/Mechanics.H","NOISE","noise_formatting","Noise Formatting","Noise: formatting/comment whitespace only. Evidence: // The mechanics integrator manages the solution of an elastic // solve using the MLMG solver. // The mechanics integrator manages the solution of an elastic //"
"src/Integrator/Base/Mechanics.H:49-60","src/Integrator/Base/Mechanics.H","CANDIDATE","gpu_integrator_safety_guards","Gpu Integrator Safety Guards","Guards unsupported host-polymorphic integrator modes in GPU builds. Evidence: pp_query_validate(""type"", type_str, {""disable"",""static"",""dynamic""}); pp_query_validate(""type"", type_str, {""disable"",""static"",""dynamic""}); #ifdef ALAMO_GPU if (v"
"src/Integrator/Base/Mechanics.H:105-111","src/Integrator/Base/Mechanics.H","NOISE","noise_formatting","Noise Formatting","Noise: formatting/comment whitespace only. Evidence: // initial condition for right hand side (body force) // initial condition for right hand side (body force)"
"src/Integrator/Base/Mechanics.H:124-134","src/Integrator/Base/Mechanics.H","NOISE","noise_formatting","Noise Formatting","Whitespace-only formatting change."
"src/Integrator/Base/Mechanics.H:145-151","src/Integrator/Base/Mechanics.H","ONEOFF","oneoff_public_api","Oneoff Public API Exposure","Changes member access from protected to public; isolated API exposure."
"src/Integrator/Base/Mechanics.H:198-218","src/Integrator/Base/Mechanics.H","CANDIDATE","gpu_stream_lifetime_synchronization","Gpu Stream Lifetime Synchronization","Synchronizes device streams before local GPU buffers are destroyed. Evidence: Util::Message(INFO, ""ELASTIC SOLVE: t="", a_time, "" step="", a_step, "" m_type="", (int)m_type); if (m_print_residual) solver.compLinearSolverResidual(res_mf, disp_"
"src/Integrator/Base/Mechanics.H:229-241","src/Integrator/Base/Mechanics.H","CANDIDATE","gpu_device_safe_geometry","GPU Device-Safe Geometry","Copies cell-size geometry into a value object and passes data pointers in kernels."
"src/Integrator/Base/Mechanics.H:252-258","src/Integrator/Base/Mechanics.H","CANDIDATE","gpu_device_safe_geometry","GPU Device-Safe Geometry","Copies cell-size geometry into a value object and passes data pointers in kernels."
"src/Integrator/Base/Mechanics.H:264-269","src/Integrator/Base/Mechanics.H","CANDIDATE","gpu_device_safe_captures","GPU Device-Safe Captures","Copies host members into locals captured by value in device lambdas."
"src/Integrator/Base/Mechanics.H:279-288","src/Integrator/Base/Mechanics.H","CANDIDATE","gpu_device_safe_geometry","GPU Device-Safe Geometry","Copies cell-size geometry into a value object and passes data pointers in kernels."
"src/Integrator/Base/Mechanics.H:296-302","src/Integrator/Base/Mechanics.H","NOISE","noise_formatting","Noise Formatting","Whitespace-only formatting change."
"src/Integrator/Base/Mechanics.H:308-319","src/Integrator/Base/Mechanics.H","CANDIDATE","gpu_device_safe_geometry","GPU Device-Safe Geometry","Copies cell-size geometry into a value object and passes data pointers in kernels."
"src/Integrator/Base/Mechanics.H:330-336","src/Integrator/Base/Mechanics.H","NOISE","noise_formatting","Noise Formatting","Noise: formatting/comment whitespace only."
"src/Integrator/Base/Mechanics.H:348-356","src/Integrator/Base/Mechanics.H","CANDIDATE","gpu_device_safe_geometry","GPU Device-Safe Geometry","Copies cell-size geometry into a value object and passes data pointers in kernels."
"src/Integrator/Base/Mechanics.H:360-369","src/Integrator/Base/Mechanics.H","CANDIDATE","gpu_device_safe_geometry","GPU Device-Safe Geometry","Copies cell-size geometry into a value object and passes data pointers in kernels."
"src/Integrator/Base/Mechanics.H:383-389","src/Integrator/Base/Mechanics.H","NOISE","noise_formatting","Noise Formatting","Noise: formatting/comment whitespace only."
"src/Integrator/Base/Mechanics.H:418-449","src/Integrator/Base/Mechanics.H","CANDIDATE","gpu_reduction_race_avoidance","Gpu Reduction Race Avoidance","Moves aggregate updates from device member writes to reduction plus host update. Evidence: const Dim3 /*boxlo= amrex::lbound(box),*/ boxhi = amrex::ubound(box); amrex::ParallelFor(box, [=] AMREX_GPU_DEVICE(int i, int j, int k) { // GPU: trac_hi / disp"
"src/Integrator/Base/Mechanics.H:452-457","src/Integrator/Base/Mechanics.H","CANDIDATE","gpu_device_safe_captures","GPU Device-Safe Captures","Copies refinement threshold member into a local before a device lambda."
"src/Integrator/BaseField.H:34-39","src/Integrator/BaseField.H","CANDIDATE","gpu_restart_field_copy_api","GPU Restart Field Copy API","Adds virtual/override CopyFrom forwarding used by restart field remapping."
"src/Integrator/BaseField.H:303-308","src/Integrator/BaseField.H","CANDIDATE","gpu_restart_field_copy_api","GPU Restart Field Copy API","Adds virtual/override CopyFrom forwarding used by restart field remapping."
"src/Integrator/CahnHilliard.cpp:1-14","src/Integrator/CahnHilliard.cpp","CANDIDATE","gpu_fft_operator_migration","Gpu Fft Operator Migration","Routes spectral work through project FFT wrapper and GPU parallel loop. Evidence: #ifdef ALAMO_FFT #include <AMReX_FFT.H> #endif #include ""Operator/Spectral/FFT.H"""
"src/Integrator/CahnHilliard.cpp:52-58","src/Integrator/CahnHilliard.cpp","CANDIDATE","gpu_finest_level_spectral_guard","GPU Finest-Level Spectral Guard","Restricts spectral advance to the finest AMR level."
"src/Integrator/CahnHilliard.cpp:94-115","src/Integrator/CahnHilliard.cpp","CANDIDATE","gpu_fft_operator_migration","Gpu Fft Operator Migration","Routes spectral work through project FFT wrapper and GPU parallel loop. Evidence: CahnHilliard::AdvanceSpectral (int lev, Set::Scalar /*time*/, Set::Scalar dt) CahnHilliard::AdvanceSpectral (int lev, Set::Scalar time, Set::Scalar dt) // // FF"
"src/Integrator/CahnHilliard.cpp:130-143","src/Integrator/CahnHilliard.cpp","CANDIDATE","gpu_fft_operator_migration","GPU FFT Operator Migration","Routes Cahn-Hilliard spectral arrays and transforms through project FFT wrapper."
"src/Integrator/CahnHilliard.cpp:147-184","src/Integrator/CahnHilliard.cpp","CANDIDATE","gpu_fft_operator_migration","GPU FFT Operator Migration","Runs spectral Cahn-Hilliard transform kernel through FFT wrapper parallel dispatch."
"src/Integrator/CahnHilliard.cpp:203-210","src/Integrator/CahnHilliard.cpp","ONEOFF","oneoff_spectral_method_branch","Oneoff Spectral Method Branch","Removes an isolated method branch while migrating the spectral path."
"src/Integrator/Flame.H:9-17","src/Integrator/Flame.H","ONEOFF","oneoff_flame_configuration","Oneoff Flame Configuration","Adds or reshapes Flame state/configuration for chamber or elastic features."
"src/Integrator/Flame.H:45-51","src/Integrator/Flame.H","ONEOFF","oneoff_flame_configuration","Oneoff Flame Configuration","Adds or reshapes Flame state/configuration for chamber or elastic features."
"src/Integrator/Flame.H:62-67","src/Integrator/Flame.H","ONEOFF","oneoff_flame_configuration","Oneoff Flame Configuration","Adds or reshapes Flame state/configuration for chamber or elastic features."
"src/Integrator/Flame.H:72-77","src/Integrator/Flame.H","ONEOFF","oneoff_flame_configuration","Oneoff Flame Configuration","Adds or reshapes Flame state/configuration for chamber or elastic features."
"src/Integrator/Flame.H:86-106","src/Integrator/Flame.H","ONEOFF","oneoff_flame_configuration","Oneoff Flame Configuration","Adds or reshapes Flame state/configuration for chamber or elastic features."
"src/Integrator/Flame.H:113-144","src/Integrator/Flame.H","ONEOFF","oneoff_flame_configuration","Oneoff Flame Configuration","Adds or reshapes Flame state/configuration for chamber or elastic features."
"src/Integrator/Flame.cpp:1-9","src/Integrator/Flame.cpp","ONEOFF","oneoff_flame_feature","Oneoff Flame Feature","Adds isolated Flame physics, initialization, diagnostics, or configuration behavior."
"src/Integrator/Flame.cpp:14-25","src/Integrator/Flame.cpp","ONEOFF","oneoff_flame_feature","Oneoff Flame Feature","Adds isolated Flame physics, initialization, diagnostics, or configuration behavior."
"src/Integrator/Flame.cpp:37-43","src/Integrator/Flame.cpp","ONEOFF","oneoff_flame_feature","Oneoff Flame Feature","Adds isolated Flame physics, initialization, diagnostics, or configuration behavior."
"src/Integrator/Flame.cpp:52-59","src/Integrator/Flame.cpp","ONEOFF","oneoff_flame_feature","Oneoff Flame Feature","Adds isolated Flame physics, initialization, diagnostics, or configuration behavior."
"src/Integrator/Flame.cpp:62-85","src/Integrator/Flame.cpp","ONEOFF","oneoff_flame_feature","Oneoff Flame Feature","Adds isolated Flame physics, initialization, diagnostics, or configuration behavior."
"src/Integrator/Flame.cpp:92-145","src/Integrator/Flame.cpp","ONEOFF","oneoff_flame_feature","Oneoff Flame Feature","Adds isolated Flame physics, initialization, diagnostics, or configuration behavior."
"src/Integrator/Flame.cpp:158-180","src/Integrator/Flame.cpp","ONEOFF","oneoff_flame_feature","Oneoff Flame Feature","Adds isolated Flame physics, initialization, diagnostics, or configuration behavior."
"src/Integrator/Flame.cpp:191-211","src/Integrator/Flame.cpp","ONEOFF","oneoff_flame_feature","Oneoff Flame Feature","Adds isolated Flame physics, initialization, diagnostics, or configuration behavior."
"src/Integrator/Flame.cpp:213-257","src/Integrator/Flame.cpp","ONEOFF","oneoff_flame_feature","Oneoff Flame Feature","Adds isolated Flame physics, initialization, diagnostics, or configuration behavior."
"src/Integrator/Flame.cpp:273-280","src/Integrator/Flame.cpp","ONEOFF","oneoff_phase_relaxation","Oneoff Phase Relaxation","Adds optional phase-field relaxation initialization; isolated behavior."
"src/Integrator/Flame.cpp:295-303","src/Integrator/Flame.cpp","ONEOFF","oneoff_flame_feature","Oneoff Flame Feature","Adds isolated Flame physics, initialization, diagnostics, or configuration behavior."
"src/Integrator/Flame.cpp:306-383","src/Integrator/Flame.cpp","ONEOFF","oneoff_flame_fill_boundary","Oneoff Flame Fill Boundary","Changes AMR fill-boundary and initialization sequencing; isolated behavior."
"src/Integrator/Flame.cpp:392-398","src/Integrator/Flame.cpp","NOISE","noise_formatting","Noise Formatting","Noise: formatting/comment whitespace only. Evidence: { {"
"src/Integrator/Flame.cpp:407-418","src/Integrator/Flame.cpp","CANDIDATE","gpu_reduction_race_avoidance","Gpu Reduction Race Avoidance","Moves aggregate updates from device member writes to reduction plus host update. Evidence: if (variable_pressure) { //Set::Scalar x_len = geom[0].ProbDomain().length(0); //Set::Scalar y_len = geom[0].ProbDomain().length(1); // Set::Scalar domain_area "
"src/Integrator/Flame.cpp:420-447","src/Integrator/Flame.cpp","ONEOFF","oneoff_chamber_pressure","Oneoff Chamber Pressure","Adds chamber pressure update setup around the kernel; isolated behavior."
"src/Integrator/Flame.cpp:451-456","src/Integrator/Flame.cpp","CANDIDATE","gpu_device_safe_captures","Gpu Device Safe Captures","Copies geometry/configuration into device-capturable locals and uses data pointers. Evidence: // Device lambdas can't capture `this`; copy needed members into locals. auto propellant = this->propellant; auto pf "
"src/Integrator/Flame.cpp:465-482","src/Integrator/Flame.cpp","ONEOFF","oneoff_flame_feature","Oneoff Flame Feature","Adds isolated Flame physics, initialization, diagnostics, or configuration behavior."
"src/Integrator/Flame.cpp:484-534","src/Integrator/Flame.cpp","CANDIDATE","gpu_device_error_flag","GPU Device Error Flag","Records non-finite kernel values in a device error flag for host-side abort."
"src/Integrator/Flame.cpp:539-554","src/Integrator/Flame.cpp","ONEOFF","oneoff_flame_feature","Oneoff Flame Feature","Adds isolated Flame physics, initialization, diagnostics, or configuration behavior."
"src/Integrator/Flame.cpp:569-579","src/Integrator/Flame.cpp","CANDIDATE","gpu_device_safe_captures","Gpu Device Safe Captures","Copies geometry/configuration into device-capturable locals and uses data pointers. Evidence: Set::Vector grad_eta = Numeric::Gradient(eta, i, j, k, 0, DX); Set::Vector grad_temp = Numeric::Gradient(temp, i, j, k, 0, DX); Set::Scalar lap_temp = Numeric::"
"src/Integrator/Flame.cpp:582-592","src/Integrator/Flame.cpp","ONEOFF","oneoff_flame_feature","Oneoff Flame Feature","Adds isolated Flame physics, initialization, diagnostics, or configuration behavior."
"src/Integrator/Flame.cpp:595-693","src/Integrator/Flame.cpp","CANDIDATE","gpu_device_safe_geometry","GPU Device-Safe Geometry","Copies cell-size geometry into a value object and passes data pointers in kernels."
"src/Integrator/Flame.cpp:731-770","src/Integrator/Flame.cpp","CANDIDATE","gpu_reduction_race_avoidance","Gpu Reduction Race Avoidance","Moves aggregate updates from device member writes to reduction plus host update. Evidence: const Set::Scalar* DX = geom[amrlev].CellSize(); Set::Scalar dv = AMREX_D_TERM(DX[0], *DX[1], *DX[2]); Set::Vector DX(geom[amrlev].CellSize()); Set::Scalar dv ="
"src/Integrator/HeatConduction.H:23-31","src/Integrator/HeatConduction.H","CANDIDATE","gpu_fft_operator_migration","Gpu Fft Operator Migration","Routes spectral work through project FFT wrapper and GPU parallel loop. Evidence: #ifdef ALAMO_FFT #include <AMReX_FFT.H> #endif"
"src/Integrator/HeatConduction.H:39-44","src/Integrator/HeatConduction.H","CANDIDATE","gpu_fft_operator_migration","Gpu Fft Operator Migration","Routes spectral work through project FFT wrapper and GPU parallel loop. Evidence: #include ""Operator/Spectral/FFT.H"""
"src/Integrator/HeatConduction.H:180-223","src/Integrator/HeatConduction.H","CANDIDATE","gpu_fft_operator_migration","Gpu Fft Operator Migration","Routes spectral work through project FFT wrapper and GPU parallel loop. Evidence: Util::Assert(INFO,TEST(lev == 0), ""Only single level currently supported""); amrex::Box const & domain = this->geom[lev].Domain(); amrex::FFT::R2C my_fft(this->g"
"src/Integrator/Hydro.cpp:188-196","src/Integrator/Hydro.cpp","ONEOFF","oneoff_hydro_diagnostics","Oneoff Hydro Diagnostics","Removes host model-name diagnostics; isolated behavior change."
"src/Integrator/Integrator.H:256-262","src/Integrator/Integrator.H","ONEOFF","oneoff_integrator_api","Oneoff Integrator API","Reshapes integrator parameter/member visibility; isolated API change."
"src/Integrator/Integrator.H:267-273","src/Integrator/Integrator.H","ONEOFF","oneoff_integrator_api","Oneoff Integrator API","Reshapes integrator parameter/member visibility; isolated API change."
"src/Integrator/Integrator.H:465-470","src/Integrator/Integrator.H","ONEOFF","oneoff_integrator_api","Oneoff Integrator API","Reshapes integrator parameter/member visibility; isolated API change."
"src/Integrator/Integrator.cpp:8-13","src/Integrator/Integrator.cpp","ONEOFF","oneoff_restart_io","Oneoff Restart/IO Behavior","Adds restart/HDF5/periodicity handling; isolated state-management behavior."
"src/Integrator/Integrator.cpp:37-42","src/Integrator/Integrator.cpp","ONEOFF","oneoff_restart_io","Oneoff Restart/IO Behavior","Adds restart/HDF5/periodicity handling; isolated state-management behavior."
"src/Integrator/Integrator.cpp:258-268","src/Integrator/Integrator.cpp","NOISE","noise_formatting","Noise Formatting","Noise: formatting/comment whitespace only. Evidence: /// /// RESETS ALL MULTIFABS AT A GIVEN LEVEL /// /// (OVERRIDES PURE VIRTUAL METHOD - DO NOT CHANGE) /// /// \brief Resets all multifabs at a given level (over"
"src/Integrator/Integrator.cpp:309-319","src/Integrator/Integrator.cpp","NOISE","noise_formatting","Noise Formatting","Noise: formatting/comment whitespace only. Evidence: // // DELETE EVERYTHING // // (OVERRIDES PURE VIRTUAL METHOD - DO NOT CHANGE) // // Delete everything (overrides pure virtual - do not change)"
"src/Integrator/Integrator.cpp:328-363","src/Integrator/Integrator.cpp","NOISE","noise_formatting","Noise Formatting","Noise: formatting/comment whitespace only. Evidence: // // // //Util::Warning(INFO, ""RegisterNewFab is depricated. Please replace with AddField""); //Util::Warning(INFO, ""RegisterNewFab is depricated. Please replac"
"src/Integrator/Integrator.cpp:601-606","src/Integrator/Integrator.cpp","ONEOFF","oneoff_restart_io","Oneoff Restart/IO Behavior","Adds restart/HDF5/periodicity handling; isolated state-management behavior."
"src/Integrator/Integrator.cpp:631-641","src/Integrator/Integrator.cpp","NOISE","noise_formatting","Noise Formatting","Noise: formatting/comment whitespace only. Evidence: //tmpdata[lev].define(ngrids, dmap[lev], total_ncomp, total_nghost); //tmpdata[lev].define(grids[lev], dmap[lev], total_ncomp, total_nghost);"
"src/Integrator/Integrator.cpp:647-652","src/Integrator/Integrator.cpp","ONEOFF","oneoff_restart_io","Oneoff Restart/IO Behavior","Adds restart/HDF5/periodicity handling; isolated state-management behavior."
"src/Integrator/Integrator.cpp:660-683","src/Integrator/Integrator.cpp","ONEOFF","oneoff_restart_io","Oneoff Restart/IO Behavior","Adds restart/HDF5/periodicity handling; isolated state-management behavior."
"src/Integrator/Integrator.cpp:693-699","src/Integrator/Integrator.cpp","ONEOFF","oneoff_restart_io","Oneoff Restart/IO Behavior","Adds restart/HDF5/periodicity handling; isolated state-management behavior."
"src/Integrator/Integrator.cpp:702-715","src/Integrator/Integrator.cpp","ONEOFF","oneoff_restart_io","Oneoff Restart/IO Behavior","Adds restart/HDF5/periodicity handling; isolated state-management behavior."
"src/Integrator/Integrator.cpp:761-777","src/Integrator/Integrator.cpp","NOISE","noise_formatting","Noise Formatting","Noise: formatting/comment whitespace only. Evidence: //for (int n = 0 ; n < node.number_of_fabs; n++) //{ // bcnothing->define(geom[lev]); // for (amrex::MFIter mfi(*(*node.fab_array[n])[lev],true); mfi.isVa"
"src/Integrator/Integrator.cpp:812-827","src/Integrator/Integrator.cpp","ONEOFF","oneoff_restart_io","Oneoff Restart/IO Behavior","Adds restart/HDF5/periodicity handling; isolated state-management behavior."
"src/Integrator/Integrator.cpp:940-946","src/Integrator/Integrator.cpp","ONEOFF","oneoff_restart_io","Oneoff Restart/IO Behavior","Adds restart/HDF5/periodicity handling; isolated state-management behavior."
"src/Integrator/Integrator.cpp:977-983","src/Integrator/Integrator.cpp","ONEOFF","oneoff_restart_io","Oneoff Restart/IO Behavior","Adds restart/HDF5/periodicity handling; isolated state-management behavior."
"src/Integrator/Integrator.cpp:1012-1038","src/Integrator/Integrator.cpp","ONEOFF","oneoff_restart_io","Oneoff Restart/IO Behavior","Adds restart/HDF5/periodicity handling; isolated state-management behavior."
"src/Integrator/Integrator.cpp:1048-1055","src/Integrator/Integrator.cpp","ONEOFF","oneoff_restart_io","Oneoff Restart/IO Behavior","Adds restart/HDF5/periodicity handling; isolated state-management behavior."
"src/Integrator/Integrator.cpp:1111-1117","src/Integrator/Integrator.cpp","ONEOFF","oneoff_restart_io","Oneoff Restart/IO Behavior","Adds restart/HDF5/periodicity handling; isolated state-management behavior."
"src/Integrator/Integrator.cpp:1165-1171","src/Integrator/Integrator.cpp","ONEOFF","oneoff_restart_io","Oneoff Restart/IO Behavior","Adds restart/HDF5/periodicity handling; isolated state-management behavior."
"src/Integrator/Mechanics.H:84-89","src/Integrator/Mechanics.H","CANDIDATE","gpu_ic_static_dispatch_extension","GPU IC Static Dispatch Extension","Extends compile-time initial-condition selection with a GPU-safe concrete implementation."
"src/Integrator/Mechanics.H:144-150","src/Integrator/Mechanics.H","CANDIDATE","gpu_ic_static_dispatch_extension","GPU IC Static Dispatch Extension","Extends compile-time initial-condition selection with a GPU-safe concrete implementation."
"src/Integrator/Mechanics.H:157-163","src/Integrator/Mechanics.H","CANDIDATE","gpu_ic_static_dispatch_extension","GPU IC Static Dispatch Extension","Extends compile-time initial-condition selection with a GPU-safe concrete implementation."
"src/Integrator/PFC.cpp:10-15","src/Integrator/PFC.cpp","CANDIDATE","gpu_fft_operator_migration","Gpu Fft Operator Migration","Routes spectral work through project FFT wrapper and GPU parallel loop. Evidence: #include ""Operator/Spectral/FFT.H"""
"src/Integrator/PFC.cpp:46-62","src/Integrator/PFC.cpp","CANDIDATE","gpu_fft_operator_migration","Gpu Fft Operator Migration","Routes spectral work through project FFT wrapper and GPU parallel loop. Evidence: amrex::FFT::R2C my_fft(this->geom[lev].Domain()); auto const &[cba, cdm] = my_fft.getSpectralDataLayout(); const Set::Scalar* DX = geom[lev].CellSize(); amrex::"
"src/Integrator/PFC.cpp:76-89","src/Integrator/PFC.cpp","CANDIDATE","gpu_fft_operator_migration","GPU FFT Operator Migration","Routes PFC spectral work through project FFT wrapper."
"src/Integrator/PFC.cpp:95-122","src/Integrator/PFC.cpp","CANDIDATE","gpu_fft_operator_migration","GPU FFT Operator Migration","Runs PFC spectral kernel through FFT wrapper GPU dispatch."
"src/Model/Chamber/Ballistic.H:0-0","src/Model/Chamber/Ballistic.H","ONEOFF","oneoff_chamber_ballistic","Oneoff Chamber Ballistic","Adds standalone ballistic chamber model; no repeated transform in this partition."
"src/Model/Chamber/Old_Ballistic.H:0-0","src/Model/Chamber/Old_Ballistic.H","ONEOFF","oneoff_chamber_ballistic","Oneoff Chamber Ballistic","Adds standalone ballistic chamber model; no repeated transform in this partition."
"src/Model/Gas/EOS/CPG.H:7-44","src/Model/Gas/EOS/CPG.H","CANDIDATE","gpu_static_model_dispatch","GPU Static Model Dispatch","Makes gas model calls statically dispatched and device-callable."
"src/Model/Gas/EOS/CPG.H:47-49","src/Model/Gas/EOS/CPG.H","NOISE","noise_formatting","Noise Formatting","Noise: formatting/comment whitespace only."
"src/Model/Gas/EOS/CPG.cpp:1-40","src/Model/Gas/EOS/CPG.cpp","CANDIDATE","gpu_static_model_dispatch","GPU Static Model Dispatch","Replaces virtual/pointer model ownership with concrete tuple-held static dispatch."
"src/Model/Gas/EOS/EOS.H:6-42","src/Model/Gas/EOS/EOS.H","CANDIDATE","gpu_static_model_dispatch","GPU Static Model Dispatch","Makes gas model calls statically dispatched and device-callable."
"src/Model/Gas/Gas.H:19-34","src/Model/Gas/Gas.H","CANDIDATE","gpu_static_model_dispatch","GPU Static Model Dispatch","Replaces virtual/pointer model ownership with concrete tuple-held static dispatch."
"src/Model/Gas/Gas.H:37-56","src/Model/Gas/Gas.H","CANDIDATE","gpu_static_model_dispatch","GPU Static Model Dispatch","Replaces virtual/pointer model ownership with concrete tuple-held static dispatch."
"src/Model/Gas/Gas.H:112-118","src/Model/Gas/Gas.H","CANDIDATE","gpu_static_model_dispatch","GPU Static Model Dispatch","Replaces virtual/pointer model ownership with concrete tuple-held static dispatch."
"src/Model/Gas/Gas.H:120-126","src/Model/Gas/Gas.H","CANDIDATE","gpu_static_model_dispatch","GPU Static Model Dispatch","Replaces virtual/pointer model ownership with concrete tuple-held static dispatch."
"src/Model/Gas/Gas.cpp:17-79","src/Model/Gas/Gas.cpp","CANDIDATE","gpu_static_model_dispatch","GPU Static Model Dispatch","Replaces virtual/pointer model ownership with concrete tuple-held static dispatch."
"src/Model/Gas/Thermo/CpConstant.H:11-20","src/Model/Gas/Thermo/CpConstant.H","CANDIDATE","gpu_static_model_dispatch","GPU Static Model Dispatch","Replaces virtual/pointer model ownership with concrete tuple-held static dispatch."
"src/Model/Gas/Thermo/CpConstant.H:25-40","src/Model/Gas/Thermo/CpConstant.H","CANDIDATE","gpu_static_model_dispatch","GPU Static Model Dispatch","Replaces virtual/pointer model ownership with concrete tuple-held static dispatch."
"src/Model/Gas/Thermo/CpConstant.H:51-69","src/Model/Gas/Thermo/CpConstant.H","CANDIDATE","gpu_static_model_dispatch","GPU Static Model Dispatch","Replaces virtual/pointer model ownership with concrete tuple-held static dispatch."
"src/Model/Gas/Thermo/Thermo.H:5-30","src/Model/Gas/Thermo/Thermo.H","CANDIDATE","gpu_static_model_dispatch","GPU Static Model Dispatch","Replaces virtual/pointer model ownership with concrete tuple-held static dispatch."
"src/Model/Gas/Transport/Mixture_Averaged.H:4-9","src/Model/Gas/Transport/Mixture_Averaged.H","CANDIDATE","gpu_static_model_dispatch","GPU Static Model Dispatch","Replaces virtual/pointer model ownership with concrete tuple-held static dispatch."
"src/Model/Gas/Transport/Mixture_Averaged.H:36-66","src/Model/Gas/Transport/Mixture_Averaged.H","CANDIDATE","gpu_static_model_dispatch","GPU Static Model Dispatch","Replaces virtual/pointer model ownership with concrete tuple-held static dispatch."
"src/Model/Gas/Transport/Mixture_Averaged.H:99-111","src/Model/Gas/Transport/Mixture_Averaged.H","CANDIDATE","gpu_static_model_dispatch","GPU Static Model Dispatch","Replaces virtual/pointer model ownership with concrete tuple-held static dispatch."
"src/Model/Gas/Transport/Mixture_Averaged.H:154-160","src/Model/Gas/Transport/Mixture_Averaged.H","CANDIDATE","gpu_static_model_dispatch","GPU Static Model Dispatch","Replaces virtual/pointer model ownership with concrete tuple-held static dispatch."
"src/Model/Gas/Transport/Mixture_Averaged.H:204-210","src/Model/Gas/Transport/Mixture_Averaged.H","CANDIDATE","gpu_static_model_dispatch","GPU Static Model Dispatch","Replaces virtual/pointer model ownership with concrete tuple-held static dispatch."
"src/Model/Gas/Transport/Transport.H:5-32","src/Model/Gas/Transport/Transport.H","CANDIDATE","gpu_static_model_dispatch","GPU Static Model Dispatch","Replaces virtual/pointer model ownership with concrete tuple-held static dispatch."
"src/Model/Propellant/Constant.H:0-0","src/Model/Propellant/Constant.H","CANDIDATE","gpu_model_host_device_annotations","Gpu Model Host Device Annotations","Makes model value/constitutive helpers callable from GPU kernels. Evidence: #ifndef MODEL_PROPELLANT_CONSTANT_H #define MODEL_PROPELLANT_CONSTANT_H #include ""Propellant.H"" namespace Model { namespace Propellant { class Constant { public"
"src/Model/Propellant/FullFeedback.H:30-36","src/Model/Propellant/FullFeedback.H","CANDIDATE","gpu_model_host_device_annotations","Gpu Model Host Device Annotations","Makes model value/constitutive helpers callable from GPU kernels. Evidence: void set_pressure(const Set::Scalar a_P) template<int I = 0> AMREX_GPU_HOST Set::Scalar get (std::string /*property*/) { Util::Abort(INFO); return NAN; } AMREX_"
"src/Model/Propellant/FullFeedback.H:47-87","src/Model/Propellant/FullFeedback.H","CANDIDATE","gpu_model_host_device_annotations","Gpu Model Host Device Annotations","Makes model value/constitutive helpers callable from GPU kernels. Evidence: AMREX_FORCE_INLINE Set::Scalar get_qdot(const Set::Scalar mdot, const Set::Scalar phi) { // NOTE: device-callable; kept free of host-only Util::* helpers so it "
"src/Model/Propellant/Homogenize.H:1-5","src/Model/Propellant/Homogenize.H","NOISE","noise_formatting","Noise Formatting","Noise: formatting/comment whitespace only. Evidence: // //"
"src/Model/Propellant/Homogenize.H:8-14","src/Model/Propellant/Homogenize.H","CANDIDATE","gpu_model_host_device_annotations","GPU Model Host Device Annotations","Separates host-only property lookup from device-callable model methods."
"src/Model/Propellant/Homogenize.H:20-146","src/Model/Propellant/Homogenize.H","CANDIDATE","gpu_model_host_device_annotations","Gpu Model Host Device Annotations","Makes model value/constitutive helpers callable from GPU kernels. Evidence: Homogenize(IO::ParmParse &pp, std::string name) Homogenize(IO::ParmParse &pp, std::string name) Set::Scalar P = NAN; void set_pressure(const Set::Scalar P) Set:"
"src/Model/Propellant/Homogenize.H:149-153","src/Model/Propellant/Homogenize.H","NOISE","noise_formatting","Noise Formatting","Noise: formatting/comment whitespace only."
"src/Model/Propellant/PowerLaw.H:31-36","src/Model/Propellant/PowerLaw.H","CANDIDATE","gpu_model_host_device_annotations","GPU Model Host Device Annotations","Separates host-only property lookup from device-callable model methods."
"src/Model/Propellant/PowerLaw.H:45-61","src/Model/Propellant/PowerLaw.H","CANDIDATE","gpu_const_qualify_model_methods","GPU Const Qualification","Adds const qualification to model accessors used through captured values."
"src/Model/Propellant/Propellant.H:35-40","src/Model/Propellant/Propellant.H","CANDIDATE","gpu_model_host_device_annotations","GPU Model Host Device Annotations","Separates host-only property lookup from device-callable model methods."
"src/Model/Propellant/Propellant.H:49-56","src/Model/Propellant/Propellant.H","CANDIDATE","gpu_const_qualify_model_methods","GPU Const Qualification","Adds const qualification to model accessors used through captured values."
"src/Model/Propellant/Propellant.H:62-69","src/Model/Propellant/Propellant.H","CANDIDATE","gpu_const_qualify_model_methods","GPU Const Qualification","Adds const qualification to model accessors used through captured values."
"src/Model/Propellant/Propellant.H:75-82","src/Model/Propellant/Propellant.H","CANDIDATE","gpu_const_qualify_model_methods","GPU Const Qualification","Adds const qualification to model accessors used through captured values."
"src/Model/Propellant/Propellant.H:88-95","src/Model/Propellant/Propellant.H","CANDIDATE","gpu_const_qualify_model_methods","GPU Const Qualification","Adds const qualification to model accessors used through captured values."
"src/Model/Propellant/Propellant.H:101-108","src/Model/Propellant/Propellant.H","CANDIDATE","gpu_const_qualify_model_methods","GPU Const Qualification","Adds const qualification to model accessors used through captured values."
"src/Model/Solid/ExtClassOperators.H:1-3","src/Model/Solid/ExtClassOperators.H","CANDIDATE","gpu_model_host_device_annotations","Gpu Model Host Device Annotations","Makes model value/constitutive helpers callable from GPU kernels. Evidence: AMREX_GPU_HOST_DEVICE"
"src/Model/Solid/ExtClassOperators.H:9-14","src/Model/Solid/ExtClassOperators.H","CANDIDATE","gpu_model_host_device_annotations","Gpu Model Host Device Annotations","Makes model value/constitutive helpers callable from GPU kernels. Evidence: AMREX_GPU_HOST_DEVICE"
"src/Model/Solid/ExtClassOperators.H:20-25","src/Model/Solid/ExtClassOperators.H","CANDIDATE","gpu_model_host_device_annotations","Gpu Model Host Device Annotations","Makes model value/constitutive helpers callable from GPU kernels. Evidence: AMREX_GPU_HOST_DEVICE"
"src/Model/Solid/ExtClassOperators.H:31-36","src/Model/Solid/ExtClassOperators.H","CANDIDATE","gpu_model_host_device_annotations","Gpu Model Host Device Annotations","Makes model value/constitutive helpers callable from GPU kernels. Evidence: AMREX_GPU_HOST_DEVICE"
"src/Model/Solid/Finite/NeoHookean.H:14-34","src/Model/Solid/Finite/NeoHookean.H","CANDIDATE","gpu_model_host_device_annotations","Gpu Model Host Device Annotations","Makes model value/constitutive helpers callable from GPU kernels. Evidence: NeoHookean() = default; NeoHookean(Solid<Set::Sym::Major> base) : Solid<Set::Sym::Major>(base) {}; ~NeoHookean() = default; AMREX_GPU_HOST_DEVICE NeoHookean() {"
"src/Model/Solid/Finite/NeoHookean.H:36-90","src/Model/Solid/Finite/NeoHookean.H","CANDIDATE","gpu_model_host_device_annotations","Gpu Model Host Device Annotations","Makes model value/constitutive helpers callable from GPU kernels. Evidence: #endif Set::Matrix DW(const Set::Matrix& a_F) const AMREX_GPU_HOST_DEVICE Set::Matrix DW(const Set::Matrix& a_F) const Eigen::Matrix3d F = Eigen::Matrix3d::Iden"
"src/Model/Solid/Finite/NeoHookean.H:105-125","src/Model/Solid/Finite/NeoHookean.H","CANDIDATE","gpu_model_host_device_annotations","Gpu Model Host Device Annotations","Makes model value/constitutive helpers callable from GPU kernels. Evidence: #if AMREX_SPACEDIM==2 Set::Matrix4<2, Set::Sym::Major> r_ddw; for (int i = 0; i < 2; i++) for (int j = 0; j < 2; j++) for (int k = 0; k < 2; k++) for (int l = 0"
"src/Model/Solid/Finite/NeoHookeanPredeformed.H:14-43","src/Model/Solid/Finite/NeoHookeanPredeformed.H","CANDIDATE","gpu_model_host_device_annotations","Gpu Model Host Device Annotations","Makes model value/constitutive helpers callable from GPU kernels. Evidence: NeoHookeanPredeformed() = default; NeoHookeanPredeformed(NeoHookean base) : NeoHookean(base) {}; ~NeoHookeanPredeformed() = default; AMREX_GPU_HOST_DEVICE NeoHo"
"src/Model/Solid/InClassOperators.H:1-4","src/Model/Solid/InClassOperators.H","CANDIDATE","gpu_model_host_device_annotations","Gpu Model Host Device Annotations","Makes model value/constitutive helpers callable from GPU kernels. Evidence: AMREX_GPU_HOST_DEVICE"
"src/Model/Solid/InClassOperators.H:8-13","src/Model/Solid/InClassOperators.H","CANDIDATE","gpu_model_host_device_annotations","Gpu Model Host Device Annotations","Makes model value/constitutive helpers callable from GPU kernels. Evidence: AMREX_GPU_HOST_DEVICE"
"src/Model/Solid/InClassOperators.H:17-23","src/Model/Solid/InClassOperators.H","CANDIDATE","gpu_model_host_device_annotations","Gpu Model Host Device Annotations","Makes model value/constitutive helpers callable from GPU kernels. Evidence: friend OP_CLASS operator * (const Set::Scalar alpha, const OP_CLASS b); friend OP_CLASS operator + (const OP_CLASS a, const OP_CLASS b); friend OP_CLASS operato"
"src/Model/Solid/Solid.H:37-58","src/Model/Solid/Solid.H","CANDIDATE","gpu_model_host_device_annotations","Gpu Model Host Device Annotations","Makes model value/constitutive helpers callable from GPU kernels. Evidence: Solid() = default; ~Solid() = default; // De-virtualized for GPU: models are dispatched statically through the // concrete type held by Set::Field<T>, so the hi"
"src/Model/Solid/Solid.H:65-73","src/Model/Solid/Solid.H","CANDIDATE","gpu_model_host_device_annotations","Gpu Model Host Device Annotations","Makes model value/constitutive helpers callable from GPU kernels. Evidence: AMREX_GPU_HOST_DEVICE out << ""No print function written for this model.""; AMREX_IF_ON_HOST( out << ""No print function written for this model."";)"
"src/Numeric/Function.H:1-6","src/Numeric/Function.H","CANDIDATE","gpu_numeric_host_device_annotations","GPU Numeric Host Device Annotations","Annotates numeric scalar helpers for host/device calls."
"src/Numeric/Function.H:13-23","src/Numeric/Function.H","CANDIDATE","gpu_numeric_host_device_annotations","GPU Numeric Host Device Annotations","Annotates numeric scalar helpers for host/device calls."
"src/Numeric/Function.H:30-44","src/Numeric/Function.H","CANDIDATE","gpu_numeric_host_device_annotations","GPU Numeric Host Device Annotations","Annotates numeric scalar helpers for host/device calls."
"src/Numeric/Interpolator/NodeBilinear.H:2-8","src/Numeric/Interpolator/NodeBilinear.H","NOISE","noise_formatting","Noise Formatting","Noise: formatting/comment whitespace only. Evidence: // //"
"src/Numeric/Interpolator/NodeBilinear.H:13-18","src/Numeric/Interpolator/NodeBilinear.H","CANDIDATE","gpu_elixir_capture","GPU Elixir Capture","Acquires an AMReX Elixir only for GPU launch-region lifetime."
"src/Numeric/Interpolator/NodeBilinear.H:39-56","src/Numeric/Interpolator/NodeBilinear.H","CANDIDATE","gpu_elixir_capture","GPU Elixir Capture","Acquires an AMReX Elixir only for GPU launch-region lifetime."
"src/Numeric/Stencil.H:19-26","src/Numeric/Stencil.H","CANDIDATE","gpu_host_device_stencil_helpers","Gpu Host Device Stencil Helpers","Annotates stencil/derivative helpers for host/device use and normalizes defaults. Evidence: AMREX_GPU_HOST_DEVICE DefaultType = { AMREX_D_DECL(StencilType::Central, StencilType::Central, StencilType::Central) }; DefaultType() { return {AMREX_D_DECL(Ste"
"src/Numeric/Stencil.H:40-45","src/Numeric/Stencil.H","CANDIDATE","gpu_host_device_stencil_helpers","Gpu Host Device Stencil Helpers","Annotates stencil/derivative helpers for host/device use and normalizes defaults. Evidence: AMREX_GPU_HOST_DEVICE"
"src/Numeric/Stencil.H:63-80","src/Numeric/Stencil.H","CANDIDATE","gpu_host_device_stencil_helpers","Gpu Host Device Stencil Helpers","Annotates stencil/derivative helpers for host/device use and normalizes defaults. Evidence: // // FIRST order derivatives // [[nodiscard]] AMREX_FORCE_INLINE static T D(const amrex::Array4<const T>& f, const int& i, const int& j, const int& k, const in"
"src/Numeric/Stencil.H:83-107","src/Numeric/Stencil.H","CANDIDATE","gpu_host_device_stencil_helpers","Gpu Host Device Stencil Helpers","Annotates stencil/derivative helpers for host/device use and normalizes defaults. Evidence: [[nodiscard]] AMREX_FORCE_INLINE static std::pair<Set::Scalar,T> [[nodiscard]] AMREX_GPU_HOST_DEVICE AMREX_FORCE_INLINE static Set::Jet<Set::Scalar,T> std::arra"
"src/Numeric/Stencil.H:111-121","src/Numeric/Stencil.H","CANDIDATE","gpu_host_device_stencil_helpers","Gpu Host Device Stencil Helpers","Annotates stencil/derivative helpers for host/device use and normalizes defaults. Evidence: [[nodiscard]] AMREX_FORCE_INLINE static T D(const amrex::Array4<const T>& f, const int& i, const int& j, const int& k, const int& m, const Set::Scalar dx[AMREX_"
"src/Numeric/Stencil.H:124-148","src/Numeric/Stencil.H","CANDIDATE","gpu_host_device_stencil_helpers","Gpu Host Device Stencil Helpers","Annotates stencil/derivative helpers for host/device use and normalizes defaults. Evidence: [[nodiscard]] AMREX_FORCE_INLINE static std::pair<Set::Scalar,T> Dsplit(const amrex::Array4<const T>& f, [[nodiscard]] AMREX_GPU_HOST_DEVICE AMREX_FORCE_INLINE "
"src/Numeric/Stencil.H:152-162","src/Numeric/Stencil.H","CANDIDATE","gpu_host_device_stencil_helpers","Gpu Host Device Stencil Helpers","Annotates stencil/derivative helpers for host/device use and normalizes defaults. Evidence: [[nodiscard]] AMREX_FORCE_INLINE static T D(const amrex::Array4<const T>& f, const int& i, const int& j, const int& k, const int& m, const Set::Scalar dx[AMREX_"
"src/Numeric/Stencil.H:165-207","src/Numeric/Stencil.H","CANDIDATE","gpu_host_device_stencil_helpers","Gpu Host Device Stencil Helpers","Annotates stencil/derivative helpers for host/device use and normalizes defaults. Evidence: [[nodiscard]] AMREX_FORCE_INLINE static std::pair<Set::Scalar, T> Dsplit(const amrex::Array4<const T>& f, [[nodiscard]] AMREX_GPU_HOST_DEVICE AMREX_FORCE_INLINE"
"src/Numeric/Stencil.H:213-223","src/Numeric/Stencil.H","CANDIDATE","gpu_host_device_stencil_helpers","Gpu Host Device Stencil Helpers","Annotates stencil/derivative helpers for host/device use and normalizes defaults. Evidence: [[nodiscard]] AMREX_FORCE_INLINE static T D(const amrex::Array4<const T>& f, const int& i, const int& j, const int& k, const int& m, const Set::Scalar dx[AMREX_"
"src/Numeric/Stencil.H:229-239","src/Numeric/Stencil.H","CANDIDATE","gpu_host_device_stencil_helpers","Gpu Host Device Stencil Helpers","Annotates stencil/derivative helpers for host/device use and normalizes defaults. Evidence: [[nodiscard]] AMREX_FORCE_INLINE static T D(const amrex::Array4<const T>& f, const int& i, const int& j, const int& k, const int& m, const Set::Scalar dx[AMREX_"
"src/Numeric/Stencil.H:245-255","src/Numeric/Stencil.H","CANDIDATE","gpu_host_device_stencil_helpers","Gpu Host Device Stencil Helpers","Annotates stencil/derivative helpers for host/device use and normalizes defaults. Evidence: [[nodiscard]] AMREX_FORCE_INLINE static T D(const amrex::Array4<const T>& f, const int& i, const int& j, const int& k, const int& m, const Set::Scalar dx[AMREX_"
"src/Numeric/Stencil.H:264-274","src/Numeric/Stencil.H","CANDIDATE","gpu_host_device_stencil_helpers","Gpu Host Device Stencil Helpers","Annotates stencil/derivative helpers for host/device use and normalizes defaults. Evidence: [[nodiscard]] AMREX_FORCE_INLINE static T D(const amrex::Array4<const T>& f, const int& i, const int& j, const int& k, const int& m, const Set::Scalar dx[AMREX_"
"src/Numeric/Stencil.H:283-293","src/Numeric/Stencil.H","CANDIDATE","gpu_host_device_stencil_helpers","Gpu Host Device Stencil Helpers","Annotates stencil/derivative helpers for host/device use and normalizes defaults. Evidence: [[nodiscard]] AMREX_FORCE_INLINE static T D(const amrex::Array4<const T>& f, const int& i, const int& j, const int& k, const int& m, const Set::Scalar dx[AMREX_"
"src/Numeric/Stencil.H:300-313","src/Numeric/Stencil.H","CANDIDATE","gpu_host_device_stencil_helpers","Gpu Host Device Stencil Helpers","Annotates stencil/derivative helpers for host/device use and normalizes defaults. Evidence: // // FOURTH order derivatives // [[nodiscard]] AMREX_FORCE_INLINE [[nodiscard]] AMREX_GPU_HOST_DEVICE AMREX_FORCE_INLINE"
"src/Numeric/Stencil.H:319-325","src/Numeric/Stencil.H","CANDIDATE","gpu_host_device_stencil_helpers","Gpu Host Device Stencil Helpers","Annotates stencil/derivative helpers for host/device use and normalizes defaults. Evidence: [[nodiscard]] AMREX_FORCE_INLINE [[nodiscard]] AMREX_GPU_HOST_DEVICE AMREX_FORCE_INLINE"
"src/Numeric/Stencil.H:331-337","src/Numeric/Stencil.H","CANDIDATE","gpu_host_device_stencil_helpers","Gpu Host Device Stencil Helpers","Annotates stencil/derivative helpers for host/device use and normalizes defaults. Evidence: [[nodiscard]] AMREX_FORCE_INLINE [[nodiscard]] AMREX_GPU_HOST_DEVICE AMREX_FORCE_INLINE"
"src/Numeric/Stencil.H:346-352","src/Numeric/Stencil.H","CANDIDATE","gpu_host_device_stencil_helpers","Gpu Host Device Stencil Helpers","Annotates stencil/derivative helpers for host/device use and normalizes defaults. Evidence: [[nodiscard]] AMREX_FORCE_INLINE [[nodiscard]] AMREX_GPU_HOST_DEVICE AMREX_FORCE_INLINE"
"src/Numeric/Stencil.H:364-370","src/Numeric/Stencil.H","CANDIDATE","gpu_host_device_stencil_helpers","Gpu Host Device Stencil Helpers","Annotates stencil/derivative helpers for host/device use and normalizes defaults. Evidence: [[nodiscard]] AMREX_FORCE_INLINE [[nodiscard]] AMREX_GPU_HOST_DEVICE AMREX_FORCE_INLINE"
"src/Numeric/Stencil.H:382-388","src/Numeric/Stencil.H","CANDIDATE","gpu_host_device_stencil_helpers","Gpu Host Device Stencil Helpers","Annotates stencil/derivative helpers for host/device use and normalizes defaults. Evidence: [[nodiscard]] AMREX_FORCE_INLINE [[nodiscard]] AMREX_GPU_HOST_DEVICE AMREX_FORCE_INLINE"
"src/Numeric/Stencil.H:398-404","src/Numeric/Stencil.H","CANDIDATE","gpu_host_device_stencil_helpers","Gpu Host Device Stencil Helpers","Annotates stencil/derivative helpers for host/device use and normalizes defaults. Evidence: [[nodiscard]] AMREX_FORCE_INLINE [[nodiscard]] AMREX_GPU_HOST_DEVICE AMREX_FORCE_INLINE"
"src/Numeric/Stencil.H:414-420","src/Numeric/Stencil.H","CANDIDATE","gpu_host_device_stencil_helpers","Gpu Host Device Stencil Helpers","Annotates stencil/derivative helpers for host/device use and normalizes defaults. Evidence: [[nodiscard]] AMREX_FORCE_INLINE [[nodiscard]] AMREX_GPU_HOST_DEVICE AMREX_FORCE_INLINE"
"src/Numeric/Stencil.H:431-437","src/Numeric/Stencil.H","CANDIDATE","gpu_host_device_stencil_helpers","Gpu Host Device Stencil Helpers","Annotates stencil/derivative helpers for host/device use and normalizes defaults. Evidence: [[nodiscard]] AMREX_FORCE_INLINE [[nodiscard]] AMREX_GPU_HOST_DEVICE AMREX_FORCE_INLINE"
"src/Numeric/Stencil.H:448-454","src/Numeric/Stencil.H","CANDIDATE","gpu_host_device_stencil_helpers","Gpu Host Device Stencil Helpers","Annotates stencil/derivative helpers for host/device use and normalizes defaults. Evidence: [[nodiscard]] AMREX_FORCE_INLINE [[nodiscard]] AMREX_GPU_HOST_DEVICE AMREX_FORCE_INLINE"
"src/Numeric/Stencil.H:466-472","src/Numeric/Stencil.H","CANDIDATE","gpu_host_device_stencil_helpers","Gpu Host Device Stencil Helpers","Annotates stencil/derivative helpers for host/device use and normalizes defaults. Evidence: [[nodiscard]] AMREX_FORCE_INLINE [[nodiscard]] AMREX_GPU_HOST_DEVICE AMREX_FORCE_INLINE"
"src/Numeric/Stencil.H:483-489","src/Numeric/Stencil.H","CANDIDATE","gpu_host_device_stencil_helpers","Gpu Host Device Stencil Helpers","Annotates stencil/derivative helpers for host/device use and normalizes defaults. Evidence: [[nodiscard]] AMREX_FORCE_INLINE [[nodiscard]] AMREX_GPU_HOST_DEVICE AMREX_FORCE_INLINE"
"src/Numeric/Stencil.H:502-508","src/Numeric/Stencil.H","CANDIDATE","gpu_host_device_stencil_helpers","Gpu Host Device Stencil Helpers","Annotates stencil/derivative helpers for host/device use and normalizes defaults. Evidence: [[nodiscard]] AMREX_FORCE_INLINE [[nodiscard]] AMREX_GPU_HOST_DEVICE AMREX_FORCE_INLINE"
"src/Numeric/Stencil.H:519-525","src/Numeric/Stencil.H","CANDIDATE","gpu_host_device_stencil_helpers","Gpu Host Device Stencil Helpers","Annotates stencil/derivative helpers for host/device use and normalizes defaults. Evidence: [[nodiscard]] AMREX_FORCE_INLINE [[nodiscard]] AMREX_GPU_HOST_DEVICE AMREX_FORCE_INLINE"
"src/Numeric/Stencil.H:536-542","src/Numeric/Stencil.H","CANDIDATE","gpu_host_device_stencil_helpers","Gpu Host Device Stencil Helpers","Annotates stencil/derivative helpers for host/device use and normalizes defaults. Evidence: [[nodiscard]] AMREX_FORCE_INLINE [[nodiscard]] AMREX_GPU_HOST_DEVICE AMREX_FORCE_INLINE"
"src/Numeric/Stencil.H:550-561","src/Numeric/Stencil.H","CANDIDATE","gpu_host_device_stencil_helpers","Gpu Host Device Stencil Helpers","Annotates stencil/derivative helpers for host/device use and normalizes defaults. Evidence: [[nodiscard]] AMREX_FORCE_INLINE [[nodiscard]] AMREX_GPU_HOST_DEVICE AMREX_FORCE_INLINE Laplacian(const amrex::Array4<const Set::Scalar>& f, const int& i, const"
"src/Numeric/Stencil.H:568-578","src/Numeric/Stencil.H","CANDIDATE","gpu_host_device_stencil_helpers","Gpu Host Device Stencil Helpers","Annotates stencil/derivative helpers for host/device use and normalizes defaults. Evidence: [[nodiscard]] AMREX_FORCE_INLINE [[nodiscard]] AMREX_GPU_HOST_DEVICE AMREX_FORCE_INLINE Laplacian(const amrex::Array4<const Set::Vector>& f, const int& i, const"
"src/Numeric/Stencil.H:585-596","src/Numeric/Stencil.H","CANDIDATE","gpu_host_device_stencil_helpers","Gpu Host Device Stencil Helpers","Annotates stencil/derivative helpers for host/device use and normalizes defaults. Evidence: [[nodiscard]] AMREX_FORCE_INLINE [[nodiscard]] AMREX_GPU_HOST_DEVICE AMREX_FORCE_INLINE Divergence(const amrex::Array4<const Set::Matrix>& dw, const int& i, con"
"src/Numeric/Stencil.H:657-668","src/Numeric/Stencil.H","CANDIDATE","gpu_host_device_stencil_helpers","Gpu Host Device Stencil Helpers","Annotates stencil/derivative helpers for host/device use and normalizes defaults. Evidence: [[nodiscard]] AMREX_FORCE_INLINE [[nodiscard]] AMREX_GPU_HOST_DEVICE AMREX_FORCE_INLINE Divergence(const amrex::Array4<const Set::Scalar> &f, const int &i, cons"
"src/Numeric/Stencil.H:676-687","src/Numeric/Stencil.H","CANDIDATE","gpu_host_device_stencil_helpers","Gpu Host Device Stencil Helpers","Annotates stencil/derivative helpers for host/device use and normalizes defaults. Evidence: [[nodiscard]] AMREX_FORCE_INLINE [[nodiscard]] AMREX_GPU_HOST_DEVICE AMREX_FORCE_INLINE Gradient(const amrex::Array4<const Set::Scalar>& f, const int& i, const "
"src/Numeric/Stencil.H:694-700","src/Numeric/Stencil.H","CANDIDATE","gpu_host_device_stencil_helpers","Gpu Host Device Stencil Helpers","Annotates stencil/derivative helpers for host/device use and normalizes defaults. Evidence: [[nodiscard]] AMREX_FORCE_INLINE [[nodiscard]] AMREX_GPU_HOST_DEVICE AMREX_FORCE_INLINE"
"src/Numeric/Stencil.H:715-722","src/Numeric/Stencil.H","CANDIDATE","gpu_host_device_stencil_helpers","Gpu Host Device Stencil Helpers","Annotates stencil/derivative helpers for host/device use and normalizes defaults. Evidence: template<class T> [[nodiscard]] AMREX_FORCE_INLINE template <class T> [[nodiscard]] AMREX_GPU_HOST_DEVICE AMREX_FORCE_INLINE"
"src/Numeric/Stencil.H:739-750","src/Numeric/Stencil.H","CANDIDATE","gpu_host_device_stencil_helpers","Gpu Host Device Stencil Helpers","Annotates stencil/derivative helpers for host/device use and normalizes defaults. Evidence: [[nodiscard]] AMREX_FORCE_INLINE [[nodiscard]] AMREX_GPU_HOST_DEVICE AMREX_FORCE_INLINE Gradient(const amrex::Array4<const Set::Scalar>& f, const int& i, const "
"src/Numeric/Stencil.H:763-774","src/Numeric/Stencil.H","CANDIDATE","gpu_host_device_stencil_helpers","Gpu Host Device Stencil Helpers","Annotates stencil/derivative helpers for host/device use and normalizes defaults. Evidence: [[nodiscard]] AMREX_FORCE_INLINE [[nodiscard]] AMREX_GPU_HOST_DEVICE AMREX_FORCE_INLINE Gradient(const amrex::Array4<const Set::Vector>& f, const int& i, const "
"src/Numeric/Stencil.H:785-821","src/Numeric/Stencil.H","CANDIDATE","gpu_face_gradient_stencil","Gpu Face Gradient Stencil","Adds device-callable face-gradient stencil helper. Evidence: [[nodiscard]] AMREX_FORCE_INLINE std::pair<Set::Vector,Set::Matrix> /// \brief Displacement gradient at the midpoint of a positive coordinate face. /// Normal d"
"src/Numeric/Stencil.H:855-861","src/Numeric/Stencil.H","CANDIDATE","gpu_host_device_stencil_helpers","Gpu Host Device Stencil Helpers","Annotates stencil/derivative helpers for host/device use and normalizes defaults. Evidence: [[nodiscard]] AMREX_FORCE_INLINE [[nodiscard]] AMREX_GPU_HOST_DEVICE AMREX_FORCE_INLINE"
"src/Numeric/Stencil.H:875-886","src/Numeric/Stencil.H","CANDIDATE","gpu_host_device_stencil_helpers","Gpu Host Device Stencil Helpers","Annotates stencil/derivative helpers for host/device use and normalizes defaults. Evidence: [[nodiscard]] AMREX_FORCE_INLINE [[nodiscard]] AMREX_GPU_HOST_DEVICE AMREX_FORCE_INLINE Gradient(const amrex::Array4<const Set::Matrix>& f, const int& i, const "
"src/Numeric/Stencil.H:899-910","src/Numeric/Stencil.H","CANDIDATE","gpu_host_device_stencil_helpers","Gpu Host Device Stencil Helpers","Annotates stencil/derivative helpers for host/device use and normalizes defaults. Evidence: AMREX_GPU_HOST_DEVICE std::array<StencilType, AMREX_SPACEDIM> stencil = DefaultType); std::array<StencilType, AMREX_SPACEDIM> stencil = DefaultType()); AMREX_GP"
"src/Numeric/Stencil.H:931-936","src/Numeric/Stencil.H","CANDIDATE","gpu_host_device_stencil_helpers","Gpu Host Device Stencil Helpers","Annotates stencil/derivative helpers for host/device use and normalizes defaults. Evidence: AMREX_GPU_HOST_DEVICE"
"src/Numeric/Stencil.H:965-974","src/Numeric/Stencil.H","CANDIDATE","gpu_host_device_stencil_helpers","Gpu Host Device Stencil Helpers","Annotates stencil/derivative helpers for host/device use and normalizes defaults. Evidence: AMREX_GPU_HOST_DEVICE NodeGradientOnCell(const amrex::Array4<const Set::Matrix>& f, const int& i, const int& j, const int& k, const Set::Scalar dx[AMREX_SPACEDI"
"src/Numeric/Stencil.H:986-997","src/Numeric/Stencil.H","CANDIDATE","gpu_host_device_stencil_helpers","Gpu Host Device Stencil Helpers","Annotates stencil/derivative helpers for host/device use and normalizes defaults. Evidence: [[nodiscard]] AMREX_FORCE_INLINE [[nodiscard]] AMREX_GPU_HOST_DEVICE AMREX_FORCE_INLINE MatrixGradient(const amrex::Array4<const Set::Scalar>& f, const int& i, "
"src/Numeric/Stencil.H:1038-1050","src/Numeric/Stencil.H","CANDIDATE","gpu_host_device_stencil_helpers","Gpu Host Device Stencil Helpers","Annotates stencil/derivative helpers for host/device use and normalizes defaults. Evidence: [[nodiscard]] AMREX_FORCE_INLINE [[nodiscard]] AMREX_GPU_HOST_DEVICE AMREX_FORCE_INLINE const int& i, const int& j, const int& k, const int& m, const Set::Scala"
"src/Numeric/Stencil.H:1063-1074","src/Numeric/Stencil.H","CANDIDATE","gpu_host_device_stencil_helpers","Gpu Host Device Stencil Helpers","Annotates stencil/derivative helpers for host/device use and normalizes defaults. Evidence: [[nodiscard]] AMREX_FORCE_INLINE [[nodiscard]] AMREX_GPU_HOST_DEVICE AMREX_FORCE_INLINE const int& i, const int& j, const int& k, const Set::Scalar DX[AMREX_SPA"
"src/Numeric/Stencil.H:1113-1124","src/Numeric/Stencil.H","CANDIDATE","gpu_host_device_stencil_helpers","Gpu Host Device Stencil Helpers","Annotates stencil/derivative helpers for host/device use and normalizes defaults. Evidence: [[nodiscard]] AMREX_FORCE_INLINE [[nodiscard]] AMREX_GPU_HOST_DEVICE AMREX_FORCE_INLINE const int& i, const int& j, const int& k, const Set::Scalar dx[AMREX_SPA"
"src/Numeric/Stencil.H:1156-1165","src/Numeric/Stencil.H","CANDIDATE","gpu_host_device_stencil_helpers","Gpu Host Device Stencil Helpers","Annotates stencil/derivative helpers for host/device use and normalizes defaults. Evidence: [[nodiscard]] AMREX_FORCE_INLINE [[nodiscard]] AMREX_GPU_HOST_DEVICE AMREX_FORCE_INLINE FieldToMatrix(const amrex::Array4<const Set::Scalar>& f, const int& i, c"
"src/Numeric/Stencil.H:1178-1187","src/Numeric/Stencil.H","CANDIDATE","gpu_host_device_stencil_helpers","Gpu Host Device Stencil Helpers","Annotates stencil/derivative helpers for host/device use and normalizes defaults. Evidence: [[nodiscard]] AMREX_FORCE_INLINE [[nodiscard]] AMREX_GPU_HOST_DEVICE AMREX_FORCE_INLINE FieldToMatrix(const amrex::Array4<Set::Scalar>& f, const int& i, const i"
"src/Numeric/Stencil.H:1200-1209","src/Numeric/Stencil.H","CANDIDATE","gpu_host_device_stencil_helpers","Gpu Host Device Stencil Helpers","Annotates stencil/derivative helpers for host/device use and normalizes defaults. Evidence: [[nodiscard]] AMREX_FORCE_INLINE [[nodiscard]] AMREX_GPU_HOST_DEVICE AMREX_FORCE_INLINE FieldToVector(const amrex::Array4<const Set::Scalar>& f, const int& i, c"
"src/Numeric/Stencil.H:1216-1225","src/Numeric/Stencil.H","CANDIDATE","gpu_host_device_stencil_helpers","Gpu Host Device Stencil Helpers","Annotates stencil/derivative helpers for host/device use and normalizes defaults. Evidence: [[nodiscard]] AMREX_FORCE_INLINE [[nodiscard]] AMREX_GPU_HOST_DEVICE AMREX_FORCE_INLINE FieldToVector(const amrex::Array4<Set::Scalar>& f, const int& i, const i"
"src/Numeric/Stencil.H:1232-1242","src/Numeric/Stencil.H","CANDIDATE","gpu_host_device_stencil_helpers","Gpu Host Device Stencil Helpers","Annotates stencil/derivative helpers for host/device use and normalizes defaults. Evidence: AMREX_GPU_HOST_DEVICE MatrixToField(const amrex::Array4<Set::Scalar>& f, const int& i, const int& j, const int& k, Set::Matrix matrix) MatrixToField( const amr"
"src/Numeric/Stencil.H:1250-1260","src/Numeric/Stencil.H","CANDIDATE","gpu_host_device_stencil_helpers","Gpu Host Device Stencil Helpers","Annotates stencil/derivative helpers for host/device use and normalizes defaults. Evidence: AMREX_GPU_HOST_DEVICE VectorToField(const amrex::Array4<Set::Scalar>& f, const int& i, const int& j, const int& k, Set::Vector vector) VectorToField( const amr"
"src/Numeric/Stencil.H:1267-1283","src/Numeric/Stencil.H","CANDIDATE","gpu_host_device_stencil_helpers","Gpu Host Device Stencil Helpers","Annotates stencil/derivative helpers for host/device use and normalizes defaults. Evidence: AMREX_GPU_HOST_DEVICE Divergence(const amrex::Array4<const Set::Matrix4<AMREX_SPACEDIM, SYM>>&, const int, const int, const int, const Set::Scalar[AMREX_SPACEDI"
"src/Numeric/Stencil.H:1314-1327","src/Numeric/Stencil.H","CANDIDATE","gpu_host_device_stencil_helpers","Gpu Host Device Stencil Helpers","Annotates stencil/derivative helpers for host/device use and normalizes defaults. Evidence: [[nodiscard]] AMREX_FORCE_INLINE [[nodiscard]] AMREX_GPU_HOST_DEVICE AMREX_FORCE_INLINE [[nodiscard]] AMREX_FORCE_INLINE [[nodiscard]] AMREX_GPU_HOST_DEVICE AMR"
"src/Numeric/Stencil.H:1342-1348","src/Numeric/Stencil.H","CANDIDATE","gpu_host_device_stencil_helpers","Gpu Host Device Stencil Helpers","Annotates stencil/derivative helpers for host/device use and normalizes defaults. Evidence: [[nodiscard]] AMREX_FORCE_INLINE [[nodiscard]] AMREX_GPU_HOST_DEVICE AMREX_FORCE_INLINE"
"src/Numeric/Stencil.H:1385-1395","src/Numeric/Stencil.H","CANDIDATE","gpu_host_device_stencil_helpers","Gpu Host Device Stencil Helpers","Annotates stencil/derivative helpers for host/device use and normalizes defaults. Evidence: template<class T> [[nodiscard]] AMREX_FORCE_INLINE static T CellToNodeAverage(const amrex::Array4<const T>& f, const int& i, const int& j, const int& k, const i"
"src/Numeric/Stencil.H:1402-1414","src/Numeric/Stencil.H","CANDIDATE","gpu_dimension_aware_constants","Gpu Dimension Aware Constants","Uses dimension picks in device-callable interpolation. Evidence: )) * fac; )) * AMREX_D_PICK(0.5, 0.25, 0.125); template<class T> [[nodiscard]] AMREX_FORCE_INLINE static T CellToNodeAverage(const amrex::Array4<T>& f, const in"
"src/Numeric/Stencil.H:1421-1432","src/Numeric/Stencil.H","CANDIDATE","gpu_dimension_aware_constants","Gpu Dimension Aware Constants","Uses dimension picks in device-callable interpolation. Evidence: )) * fac; )) * AMREX_D_PICK(0.5, 0.25, 0.125); template<class T> [[nodiscard]] AMREX_FORCE_INLINE static T NodeToCellAverage(const amrex::Array4<const T>& f, co"
"src/Numeric/Stencil.H:1434-1445","src/Numeric/Stencil.H","CANDIDATE","gpu_dimension_aware_constants","Gpu Dimension Aware Constants","Uses dimension picks in device-callable interpolation. Evidence: )) * fac; )) * AMREX_D_PICK(0.5, 0.25, 0.125); template<class T> [[nodiscard]] AMREX_FORCE_INLINE static T NodeToCellAverage(const amrex::Array4<T>& f, const in"
"src/Numeric/Stencil.H:1447-1455","src/Numeric/Stencil.H","CANDIDATE","gpu_dimension_aware_constants","Gpu Dimension Aware Constants","Uses dimension picks in device-callable interpolation. Evidence: )) * fac; )) * AMREX_D_PICK(0.5, 0.25, 0.125); constexpr static Set::Scalar fac = AMREX_D_PICK(0.5, 0.25, 0.125);"
"src/Test/BC/Constant.H:0-0","src/Test/BC/Constant.H","ONEOFF","test_regression_coverage","Test Regression Coverage","Adds focused regression helper/test coverage; unique test artifact. Evidence: #ifndef TEST_BC_CONSTANT_H #define TEST_BC_CONSTANT_H #include <cmath> #include <limits> #include <AMReX_FArrayBox.H> #include <AMReX_Geometry.H> #include <AMRe"
"src/Test/Numeric/Stencil.H:134-139","src/Test/Numeric/Stencil.H","ONEOFF","test_regression_coverage","Test Regression Coverage","Adds focused regression helper/test coverage; unique test artifact. Evidence: inline Set::Matrix IsotropicFaceStress(const Set::Matrix& gradu, Set::Scalar lambda, Set::Scalar mu) { return lambda * gradu.trace() * Set::Matrix::Identity() +"
"src/Test/Solver/Nonlocal/Newton.H:0-0","src/Test/Solver/Nonlocal/Newton.H","ONEOFF","test_regression_coverage","Test Regression Coverage","Adds focused regression helper/test coverage; unique test artifact. Evidence: #ifndef TEST_SOLVER_NONLOCAL_NEWTON_H #define TEST_SOLVER_NONLOCAL_NEWTON_H #include <limits> #include ""Solver/Nonlocal/Newton.H"" namespace Test { namespace Sol"
"src/Unit/Unit.H:194-249","src/Unit/Unit.H","ONEOFF","unit_api_adjustment","Unit Api Adjustment","Extends unit constructors with optional scale; isolated API change. Evidence: static Unit Less() { return Unit{1.0, {0,0,0,0,0,0,0}}; } // 1 static Unit Length() { return Unit{1.0, {1,0,0,0,0,0,0}}; } // m static U"
"src/Integrator/Base/Mechanics.H:198-218 #1","src/Integrator/Base/Mechanics.H","CANDIDATE","gpu_residual_api_update","GPU Residual API Update","Subentry #1: switches residual computation to model-aware compResidual API."
"src/Integrator/Flame.cpp:484-534 #1","src/Integrator/Flame.cpp","CANDIDATE","gpu_device_error_flag","GPU Device Error Flag","Subentry #1: records non-finite values through a device error flag."
